parameter,total_exceedances,max_exceedance_ratio,avg_exceedance_ratio
benzene,110,1070.8695652173913,447.3898341087144
cadmium,90,33.53571428571429,9.516272385509229
nickel,8,1.0899999999999999,1.0366388888888889
